{
  "Hacker News": {
    "n": 1021,
    "mean": 157.57394711067585,
    "M2": 27003059.666993137
  },
  "GitHub Trending": {
    "n": 226,
    "mean": 8598.91592920354,
    "M2": 115289421447.40266
  },
  "YouTube": {
    "n": 386,
    "mean": 660248.8963730563,
    "M2": 297091950552709.94
  },
  "X (via Grok)": {
    "n": 93,
    "mean": 3331.83870967742,
    "M2": 10198858180.580652
  },
  "GitHub Trending (daily)": {
    "n": 42,
    "mean": 413.0238095238095,
    "M2": 2672398.976190476
  },
  "GitHub Trending (weekly)": {
    "n": 95,
    "mean": 35215.536842105284,
    "M2": 121380100751.62108
  }
}