{
  "Hacker News": {
    "n": 635,
    "mean": 177.71338582677163,
    "M2": 18778991.83622046
  },
  "GitHub Trending": {
    "n": 132,
    "mean": 355.8333333333335,
    "M2": 6999406.333333334
  },
  "YouTube": {
    "n": 326,
    "mean": 689009.4723926375,
    "M2": 262342378205587.3
  }
}